รหัส,ชื่อสินค้า,หน่วยสินค้า
100101,รอแยล-ดี 15 กรัม,ซอง
100102,เกลือแร่ชนิดผง รอแยล-ดี 500 กรัม,แพ็ค
100201,โรซ่าร์ - ดี 20 กรัม,ซอง
100300,รอแยล-ดี 25 กรัม (RDTC 50),ซอง
100301,รอแยล-ดี 25 กรัม,ซอง
100301-1,รอแยล-ดี 25 กรัม ชนิด 50 ซอง (ลัง),ลัง
100302,รอแยล-ดี 25 กรัม (RDB),ซอง
100302-1,Royal - D Orange  50Sachets  x 25 g.,Sachets
100302-2,รอแยล-ดี 25 กรัม (RDB) - ใสสะอาด,ซอง
100303,รอแยล-ดี 25 กรัม (RDC),ซอง
100303-1,Royal - D Green  50Sachets x 25 g,Sachets
100303-2,รอแยล-ดี 25 กรัม (RDC) - ใสสะอาด,ซอง
100304,รอแยล-ดี 25 กรัม (ชนิด 5 ซอง),กล่อง
100305,ผงชงชิมรอแยล-ดี 500 กรัม (RDC ),แพ็ค
100306,ผงชงชิม รอแยล-ดี 500 กรัม (RDB),แพ็ค
100307,รอแยล-ดี กลิ่นผลไม้รวม 25 กรัม (RDT10),กล่อง
100307-1,ชุดสังฆภัณท์ (RDT 10),ชุด
100307-2,Royal - D Green 10 Sach/Box x 25g,Box
100307-3,รอแยล-ดี กลิ่นผลไม้รวม 25 กรัม (RDT10) - ใสสะอาด,กล่อง
100308,รอแยล-ดี 25 กรัม (ลัง)(RDT 10),ลัง
100309,รอแยล-ดี กลิ่นส้ม 25 กรัม (RDO 10),กล่อง
100309-1,รอแยล-ดี 25 กรัม RDO 10 (ซอง),ซอง
100309-2,รอแยล-ดี 25 กรัม (RDO 10),หีบ
100309-3,Royal - D Orange 10Sachets / Box x 25 g,Box
100309-4,ชุดสังฆภัณท์ (RDO 10),ชุด
100309-5,รอแยล-ดี กลิ่นส้ม 25 กรัม รุ่น 20 กล่อง (ลัง),ลัง
100309-6,รอแยล-ดี กลิ่นส้ม 25 กรัม (RDO 10) - ใสสะอาด,กล่อง
100310,รอแยล-ดี กลิ่นสตอรเบอร์รี่ 25 กรัม (RDS 50),ซอง
100310-1,Royal - D Strawberry 50Sachets x 25 g.,Sachets
100310-2,รอแยล-ดี กลิ่นสตอรเบอร์รี่ 25 กรัม (RDS 50) - ใสสะอาด,ซอง
100311,รอแยล-ดี กลิ่นองุ่น  25 กรัม (RDG 50),ซอง
100311-1,Royal - D Grape 50Sachets x 25 g.,Sachets
100311-2,รอแยล-ดี กลิ่นองุ่น  25 กรัม (RDG 50) - ใสสะอาด,ซอง
100312,รอแยล-ดี 25 กรัม (กล่อง)RDT50,กล่อง
100313,ผงชงชิมรอแยล-ดี กลิ่นสตรอเบอร์รี่ 500 กรัม,แพ็ค
100314,ผงชงชิมรอแยล-ดี กลิ่นองุ่น 500 กรัม,แพ็ค
100315,รอแยล-ดี 25 กรัม RDT10 (ซอง),ซอง
100317,รอแยล-ดี สปอร์ต 35 กรัม,ถุง
100317-1,รอแยล-ดี สปอร์ต 35 กรัม(ซอง),ซอง
100318,รอแยล-ดี กลิ่นสตอรเบอร์รี่ 25 กรัม (RDS 10),กล่อง
100318-1,Royal - D Strawberry 25 g x 10Sach/Box,Box
100318-2,รอแยล-ดี กลิ่นสตอรเบอร์รี่ 25 กรัม (RDS 10)(ซอง),ซอง
100318-3,รอแยล-ดี กลิ่นสตอรเบอร์รี่ 25 กรัม (RDS 10) - ใสสะอาด,กล่อง
100319,รอแยล-ดี กลิ่นองุ่น 25 กรัม (RDG10),กล่อง
100319-1,Royal - D Grape 25 g x 10Sach/Box,Box
100319-2,รอแยล-ดี กลิ่นองุ่น 25 กรัม (RDG10)(ซอง),ซอง
100319-3,รอแยล-ดี กลิ่นองุ่น 25 กรัม (RDG10) - ใสสะอาด,กล่อง
100320,เครื่องดื่มเกลือแร่ กลิ่นส้ม ชนิดผง (ตรา รอแยล-ดี),กล่อง
100320-1,เครื่องดื่มเกลือแร่ กลิ่นส้ม ชนิดผง (ตรา รอแยล-ดี)(หีบ)(RDX10),หีบ
100321,Tester รอแยล-ดี สปอร์ต 35 กรัม,ซอง
100321-1,รอแยล-ดี สปอร์ต 35 กรัม (ซอง),ซอง
100401,นีโอไลต์ 25 กรัม,ซอง
100401-1,Neolyte 1x25g RYD,Sachets
100401-2,นีโอไลต์ 25 กรัม - ใสสะอาด,ซอง
100402,นีโอไลต์ 25 กรัม (ชนิด 25 ซอง),ซอง
100403,นีโอไลต์ 25 กรัม (กล่อง),กล่อง
100404,นีโอไลต์ 25 กรัม ชนิด 25 ซอง (ลัง)(NL25),ลัง
100404-1,นีโอไลต์ 25 กรัม ชนิด 25 ซอง (กล่อง),กล่อง
100405,นีโอไลต์ 500 กรัม,แพ็ค
100601,กัมลัง-ดี (รสส้มแคลิฟอร์เนีย) 20 กรัม,ซอง
100602,กัมลัง-ดี (รสมะนาว) 20 กรัม,ซอง
200101,แคลซี่ - ดี 20 กรัม,กล่อง
200101-1,Calci - D  10Sachets / Box  Yellow 20 g.,Box
200101-2,แคลซี่ - ดี 20 กรัม - ใสสะอาด,กล่อง
200102,แคลซี่-ดี 20 กรัม (ตปท.),กล่อง
200103,Tester แคลซี่-ดี 20 กรัม,ซอง
200104,ผงชงชิม แคลซี่-ดี 500 กรัม,แพ็ค
200104-1,ผงชงชิม แคลซี่-ดี 250 กรัม,แพ็ค
200105,แคลซี่-ดี โกลด์  500 กรัม,แพ็ค
200106,Tester แคลซี่-ดี โกลด์,ซอง
200107,แคลซี่ - ดี 20 กรัม(หีบ),หีบ
200108,แคลซี่ - ดี 20 กรัม  (ชนิด 5 ซอง),ถุง
200109,แคลซี่ - ดี 20 กรัม  (ชนิด 5 ซอง),หีบ
200110,แคลซี่-ดี โกลด์,กล่อง
200110-1,แคลซี่-ดี โกลด์,หีบ
200110-2,CALCID GOLD 1000mg. 10Sach/Box TH,Box
200110-3,แคลซี่-ดี โกลด์ - ใสสะอาด,กล่อง
200111,แคลซี่-ดี 20 กรัม(รุ่น 3 ถุง แถม 1 ถุง ),แพ็ค
200112,แคลซี่-ดี 20 กรัม(รุ่น 3 ถุง ),แพ็ค
200113,แคลซี่-ดี 20 กรัม(รุ่น 3 ถุง ),หีบ
200114,แคลซี่ - ดี 20 กรัม 10 ซอง (แพ็ค3),แพ็ค
200115,ชุด แคลซี่-ดี โกลด์,ชุด
200116,แคลซี่-ดี 20 กรัม(รุ่น 36 ถุง ),ลัง
200117,แคลซี่-ดี 20 กรัม ( รุ่น 36 ถุง ),แพ็ค
200118,เสริมอาหารแคลซี่ - ดี (ชนิด 10 ซอง),กล่อง
200118-1,ผลิตภัณฑ์เสริมอาหารแคลซี่ - ดี รสส้ม (ชนิด 10 ซอง),ลัง
200119,Tester เสริมอาหารแคลซี่ - ดี,ซอง
200120,ผงชงชิมเสริมอาหารแคลซี่ - ดี 250 กรัม,แพ็ค
200121,ผลิตภัณฑ์เสริมอาหารแคลซี่ - ดี รสส้ม (ชนิด 5 ซอง),ถุง
200200,แคลซี่-ดี ช็อกโก 320 กรัม (ไทย)(ไม่ใช้),กระป๋อง
200201,แคลซี่-ดี ช็อกโก 320 กรัม (ต่างประเทศ),กระป๋อง
200201-1,CalclD Chocolate Drink 320g.,Caned
200202,Tester แคลซี่-ดี ช็อกโก ขนาด 30 กรัม,ซอง
200203,(ไม่ใช้แล้ว)ผงชงชิม แคลซี่-ดี ช็อกโก 500 กรัม,แพ็ค
200204,แคลซี่-ดี ช็อกโก ขนาด 30 กรัม,กล่อง
200204-1,CalclD Choco Sach/Box,Box
200205,แคลซี่-ดี ช็อกโก ขนาด 30 กรัม (หีบ),หีบ
200206,แคลซี่-ดี ช็อกโก ขนาด 30 กรัม (ชนิด 5 ซอง),ถุง
200207,แคลซี่-ดี ช็อกโก ขนาด 30 กรัม (ชนิด 5 ซอง),หีบ
200208,แคลซี่-ดี ช็อกโก ขนาด 30 กรัม (ชนิด 5 ซอง),แพ็ค
200209,แคลซี่-ดี ช็อกโก ขนาด 30 กรัม 10 ซอง (แพ็ค3),แพ็ค
200210,ผงชงชิม แคลซี่-ดี ช็อกโก 250 กรัม,แพ็ค
200211,เสริมอาหารแคลซี่-ดี ช็อกโก  (ชนิด 10 ซอง),กล่อง
200211-1,CalcID Choco Sach/Box,Box
200211-2,ผลิตภัณฑ์เสริมอาหารแคลซี่ - ดี ช็อกโก  (ชนิด 10 ซอง)(3),แพ็ค
200211-3,ผลิตภัณฑ์เสริมอาหารแคลซี่-ดี ช็อกโก (ชนิด10 ซอง)(ลัง),ลัง
200211-4,เสริมอาหารแคลซี่-ดี ช็อกโก  (ชนิด 10 ซอง) - ใสสะอาด,กล่อง
200212,Tester เสริมอาหารแคลซี่ - ดี ช็อกโกแลต,ซอง
200213,ผงชงชิมเสริมอาหารแคลซี่-ดี ช็อกโก 250 กรัม,แพ็ค
200300,รอแยล-ดี เวย์โปรตีน รสช๊อกโกแลต 30 กรัม,กล่อง
200300-1,รอแยล-ดี เวย์โปรตีน รสช๊อกโกแลต 30กรัม(ลัง),ลัง
200300-2,RoyalD Whey Protein CHOCOLATE 15sach,Box
200300-3,รอแยล-ดี เวย์โปรตีน รสช๊อกโกแลต 30กรัม(ซอง),ซอง
200301,Tester รอแยล-ดี เวย์โปรตีน รสช๊อกโกแลต,ซอง
200302,รอแยล-ดี เวย์โปรตีน รสช๊อกโกแลต (ชนิด 5 ซอง),กล่อง
200302-1,รอแยล-ดี เวย์โปรตีน รสช๊อกโกแลต ชนิด 5ซอง (ลัง),ลัง
200302-2,รอแยล-ดี เวย์โปรตีน รสช๊อกโกแลต ชนิด 5ซอง (ซอง),ซอง
200302-3,Royal-D Whey Protein CHOCOLATE 30g 05sach,Box
200303,เสริมอาหารเวย์โปรตีน รสช็อกโกแลต (ชนิด 5 ซอง),กล่อง
200303-1,ผลิตภัณฑ์เสริมอาหารเวย์โปรตีน รสช็อกโกแลต (ลัง)(SWC05),ลัง
200303-2,ผลิตภัณฑ์เสริมอาหารเวย์โปรตีน รสช็อกโกแลต(ซอง),ซอง
200304,อาหารเสริมแคลซี่-ดี,กล่อง
200305,เสริมอาหารเวย์โปรตีน รสชาเขียว (ชนิด 10 ซอง),กล่อง
200305-1,เสริมอาหารเวย์โปรตีน รสชาเขียว (ซอง),ซอง
200306,เสริมอาหารเวย์โปรตีน รสวนิลลา (ชนิด 10 ซอง),กล่อง
200306-1,Royal-D Whey Protein Vanilla 10 Sach/Box,Box
200306-2,เสริมอาหารเวย์โปรตีน รสวนิลลา (ซอง),ซอง
200307,เสริมอาหารเวย์โปรตีน รสชาเขียว 500 กรัม,แพ็ค
200308,เสริมอาหารเวย์โปรตีน รสวนิลลา 500 กรัม,แพ็ค
200309,Tester เสริมอาหารเวย์โปรตีน รสชาเขียว 50 กรัม,ซอง
200310,เสริมอาหารเวย์โปรตีน รสช๊อกโกแลต 500 กรัม,แพ็ค
200311,Tester เสริมอาหารเวย์โปรตีน รสวนิลลา,ซอง
200312,ผลิตภัณฑ์เสริมอาหาร กลิ่นองุ่น ตรา รอแยล-ดี เจล,กล่อง
200312-1,ผลิตภัณฑ์เสริมอาหาร กลิ่นองุ่น ตรารอแยล-ดี เจล(ซอง),ซอง
200312-2,Royal D Energy Gel 40g 10 Sach/Box Grape,Box
200313,ผลิตภัณฑ์เสริมอาหาร รสโกโก้ ตรา รอแยล-ดี เจล,กล่อง
200313-1,ผลิตภัณฑ์เสริมอาหาร รสโกโก้ ตรารอแยล-ดี เจล(ซอง),ซอง
200313-2,Royal D Energy Gel 40g 10 Sach/Box Cocoa,Box
200314,ผลิตภัณฑ์เสริมอาหาร กลิ่นส้ม ตรา รอแยล-ดี เจล,กล่อง
200314-1,ผลิตภัณฑ์เสริมอาหาร กลิ่นส้ม ตรารอแยล-ดี เจล(ซอง),ซอง
200314-2,Royal D Energy Gel 40g 10 Sach/Box Orange,Box
200315,Tester ผลิตภัณฑ์เสริมอาหาร รสโกโก้ ตรา รอแยล-ดี เจล,ซอง
200315-1,RoyalD energy gel cocoa Tester,Sachets
200316,Tester ผลิตภัณฑ์เสริมอาหาร กลิ่นส้ม ตรา รอแยล-ดี เจล,ซอง
200316-1,RoyalD energy gel orange Tester,Sachets
200317,Tester ผลิตภัณฑ์เสริมอาหาร กลิ่นองุ่น ตรา รอแยล-ดี เจล,ซอง
200317-1,RoyalD energy gel grape Tester,Sachets
200318,เสริมอาหารเวย์โปรตีน รสช็อกโกแลต (ชนิด 15 ซอง),กล่อง
200318-1,เสริมอาหารเวย์โปรตีน รสช็อกโกแลต (ชนิด 15 ซอง)(ซอง),ซอง
200319,Tester เสริมอาหารเวย์โปรตีน รสช็อกโกแลต,ซอง
200320,ผลิตภัณฑ์เสริมอาหาร กลิ่นกาแฟ ตรา รอแยล-ดี เจล(5 ซอง),กล่อง
200320-1,ผลิตภัณฑ์เสริมอาหาร กลิ่นกาแฟ ตรา รอแยล-ดี เจล(5ซอง)(ซอง),ซอง
200320-2,ผลิตภัณฑ์เสริมอาหาร กลิ่นกาแฟ ตรา รอแยล-ดี เจล(5 ซอง)(ลัง)(EGC05),ลัง
200321,ผลิตภัณฑ์เสริมอาหาร กลิ่นส้ม ตรา รอแยล-ดี เจล(5 ซอง),กล่อง
200321-1,ผลิตภัณฑ์เสริมอาหาร กลิ่นส้ม ตรา รอแยล-ดี เจล(5 ซอง)(ซอง),ซอง
200321-2,ผลิตภัณฑ์เสริมอาหาร กลิ่นส้ม ตรา รอแยล-ดี เจล(5 ซอง)(ลัง)(EGO05),ลัง
200322,ผลิตภัณฑ์เสริมอาหาร กลิ่นกาแฟ ตรา รอแยล-ดี เจล,กล่อง
200322-1,ผลิตภัณฑ์เสริมอาหาร กลิ่นกาแฟ ตรา รอแยล-ดี เจล(ซอง),ซอง
200322-2,Royal D Energy Gel 40g 10 Sach/Box Coffee,Box
200323,Tester ผลิตภัณฑ์เสริมอาหาร กลิ่นกาแฟ ตรา รอแยล-ดี เจล,ซอง
200324,แคล์ร โพรไบโอติก พลัสวิตามินซี (ผลิตภัณฑ์เสริมอาหาร),หลอด
200324-1,Clare's Probiotic plus vltamin C,Box
200324-2,แคล์ร โพรไบโอติก พลัสวิตามินซี (ผลิตภัณฑ์เสริมอาหาร)(กล่อง),กล่อง
200324-3,แคล์ร โพรไบโอติก พลัสวิตามินซี (ผลิตภัณฑ์เสริมอาหาร)(ลัง),ลัง
200325,ผลิตภัณฑ์เสริมอาหาร กลิ่นเรดฟรุ๊ท ตรา รอแยล-ดี เจล 10 ซอง,กล่อง
200325-1,ผลิตภัณฑ์เสริมอาหาร กลิ่นเรดฟรุ๊ท ตรา รอแยล-ดี เจล 10 ซอง(ซอง),ซอง
200325-2,ผลิตภัณฑ์เสริมอาหาร กลิ่นเรดฟรุ๊ท ตรา รอแยล-ดี เจล 10 ซอง(ลัง),ลัง
200400,I-Fresh รสส้ม 250 กรัม,แพ็ค
200401,I-Fresh  รสส้ม  500 กรัม,แพ็ค
200402,I-Fresh รสส้ม 300 กรัม,กระป๋อง
200403,I-Fresh รสชามะนาว 500 กรัม,แพ็ค
200404,I-Fresh กลิ่นพั้นซ์ 500 กรัม,แพ็ค
200405,I-Fresh กลิ่นแอปเปิ้ล 500 กรัม,แพ็ค
200406,I-Fresh กลิ่นองุ่น 500 กรัม,แพ็ค
200407,I-Fresh กลิ่นมิกเบอร์รี่ 500 กรัม,แพ็ค
200408,I-Fresh กลิ่นลิ้นจี่ 500 กรัม,แพ็ค
200409,I-Fresh กลิ่นชาเขียว 500 กรัม,แพ็ค
200410,I-Fresh กลิ่นเก๊กฮวย 500 กรัม,แพ็ค
200411,I-Fresh กลิ่นลำใย  500 กรัม,แพ็ค
200412,I-Fresh กลิ่นบลูฮาวาย  500 กรัม,แพ็ค
210-0014,แก้วกระดาษ ขนาด 6.5 ออนซ์  (รุ่นใหม่),ใบ
300101,รอแยล-คอฟฟี่  20 กรัม (ผสมเห็ดหลินจือ)(ไม่ได้ใช้),แพ็ค
300102,รอแยลคอฟฟี่ ผสมเห็ดหลินจือ,กล่อง
300103,รอแยลคอฟฟี่ ผสมโสมสกัด,กล่อง
300104,Tester รอแยลคอฟฟี่ ผสมเห็ดหลินจือ,ซอง
300104-1,รอแยลคอฟฟี่ ผสมเห็ดหลินจือ 20 กรัม (ซอง),ซอง
300105,Tester รอแยลคอฟฟี่ ผสมโสมสกัด,ซอง
300105-1,รอแยลคอฟฟี่ ผสมโสมสกัด 20 กรัม (ซอง),ซอง
300106,กาแฟดำชนิดผงผสมเห็ดหลินจือ (ชนิด 10 ซอง),กล่อง
300107,Tester กาแฟดำชนิดผงผสมเห็ดหลินจือ,ซอง
300108,รอแยลคอฟฟี่ ผสมเห็ดหลินจือ ขนาด 12 ซอง,แพ็ค
300108-1,รอแยลคอฟฟี่ ผสมเห็ดหลินจือ ขนาด 12 ซอง(ลัง),ลัง
300109,กาแฟดริปดอยช้าง คั่วเข้ม ตรา รอแยล-คอฟฟี่ ( 5 ซอง),กล่อง
300109-1,กาแฟดริปดอยช้าง คั่วเข้ม ตรา รอแยล-คอฟฟี่ ( 5 ซอง)(ลัง),ลัง
300110,กาแฟดริปดอยช้าง คั่วกลาง ตรา รอแยล-คอฟฟี่ ( 5 ซอง),กล่อง
300110-1,กาแฟดริปดอยช้าง คั่วกลาง ตรา รอแยล-คอฟฟี่ ( 5 ซอง)(ลัง),ลัง
300111,Tester กาแฟดริปดอยช้าง คั่วเข้ม ตรา รอแยล-คอฟฟี่,ซอง
300112,Tester กาแฟดริปดอยช้าง คั่วกลาง ตรา รอแยล-คอฟฟี่,ซอง
300113,เมล็ดกาแฟคั่ว บราซิล ซานโดส 200 กรัม,ถุง
300114,เมล็ดกาแฟคั่ว โคลัมเบีย 200 กรัม,ถุง
300115,เมล็ดกาแฟคั่ว ดอยช้าง อาราบิก้า 100% 250 กรัม,ถุง
300116,เมล็ดกาแฟคั่ว อาราบิก้า 100% 250 กรัม,ถุง
300117,เมล็ดกาแฟ Royal Arabica Blend ขนาด 250 กรัม,ถุง
300118,เมล็ดกาแฟคั่ว ดอยช้าง อาราบิก้าเบลนด์ 100% ขนาด 500 กรัม,ถุง
300119,เมล็ดกาแฟคั่ว ดอยช้าง อาราบิก้าเบลนด์ 100% ขนาด 250 กรัม,ถุง
300201,เอ็มแอนด์วาย มัลเบอรี่กรีน 12 กรัม,กล่อง
300202,เอ็มแอนด์วาย เยลโล่บาเอล 10 กรัม,กล่อง
300203,เอ็มแอนด์วาย เรดโรสเซล 14 กรัม,กล่อง
300301,รอแยล-คอฟฟี่  20 กรัม (3 in 1),แพ็ค
300302,รอแยล-คอฟฟี่ 20 กรัม (3 in 1) - H,แพ็ค
300501,แคลร์ส คอฟฟี่ บูสเตอร์,กล่อง
300501-1,Clare Coffee Booster Formula,Box
300501-2,แคลร์ส คอฟฟี่ บูสเตอร์ - ใสสะอาด,กล่อง
300502,แคลร์ส คอฟฟี่ บิวตี้,กล่อง
300502-1,Clare Coffee Beauty Formula,Box
300502-2,แคลร์ส คอฟฟี่ บิวตี้ - ใสสะอาด,กล่อง
300503,Sample กาแฟ แคลร์ส คอฟฟี่ บูสเตอร์,แพ็ค
300504,Sample กาแฟ แคลร์ส คอฟฟี่ บิวตี้,แพ็ค
300505,(ไม่ใช้แล้ว)ผงชงชิม กาแฟ บูสเตอร์,แพ็ค
300506,(ไม่ใช้แล้)วผงชงชิม กาแฟ บิวตี้,แพ็ค
300507,Tester กาแฟ บูสเตอร์ ขนาด 14 กรัม,ซอง
300508,Tester กาแฟ บิวตี้ ขนาด 14 กรัม,ซอง
300509,ชุดกิฟเซ็ท แคลร์ส คอฟฟี่ บูสเตอร์,ชุด
300510,ชุดกิฟเซ็ท แคลร์ส คอฟฟี่ บิวตี้,ชุด
300511,Tester แคลร์ คอฟฟี่ พรีไบโอ 14 กรัม,ซอง
300512,Tester แคลร์ส คอฟฟี่ คาปูชิโน,ซอง
300513,แคลร์ เบอร์รี่(ทดลอง)  ขนาด 12 กรัม,ซอง
300514,ผงชงชิม แคลร์ คอฟฟี่ พรีไบโอ 500 กรัม(ไม่ใช่),แพ็ค
300515,แคลร์ คอฟฟี่ คาปูชิโน 250 กรัม,แพ็ค
300516,แคลร์ส ช็อกโก 14 กรัม,ซอง
300517,แคลร์ คอฟฟี่ พรีไบโอ 14 กรัม,กล่อง
300517-1,แคลร์ คอฟฟี่ พรีไบโอ 14 กรัม(ลัง),ลัง
300517-2,แคลร์ คอฟฟี่ พรีไบโอ 14 กรัม(หีบ),หีบ
300517-3,Clare Coffee Prebio Formula,Box
300517-4,แคลร์ คอฟฟี่ พรีไบโอ 14 กรัม - ใสสะอาด,กล่อง
300518,แคลร์ส คอฟฟี่ คาปูชิโน 14 กรัม,กล่อง
300519,แคล์ร คอลลาเจน (ชนิด15 ซอง ),กล่อง
300520,ผงชงชิมแคล์รคอลลาเจน 250 กรัม,แพ็ค
300521,แคลร์ คอฟฟี่ คาปูชิโน กลิ่นไอรีซครีม 14 กรัม,กล่อง
300522,แคลร์ คอฟฟี่ คาปูชิโน กลิ่นฮาเซลนัท 14 กรัม,กล่อง
300523,Tester แคล์ร คอลลาเจน,ซอง
300524,Tester แคลร์คอฟฟี่ คาปูชิโน กลิ่นไอริชครีม,ซอง
300525,Tester แคลร์คอฟฟี่คาปูชิโน่ กลิ่นฮาเซลนัท,ซอง
300526,แคล์ร คอลลาเจน (ชนิด 10 ซอง),กล่อง
300526-1,แคล์ร คอลลาเจน (ชนิด 10 ซอง),ซอง
300527,แคลร์ คอลลาเจน (ชนิด 10 ซอง),หีบ
300528,เครื่องดื่มมะเขือเทศชนิดผง ตราแคล์ร โทลาเจน,กล่อง
300529,กาแฟปรุงสำเร็จ เฟิร์สรอแยล ไวท์คอฟฟี่ 30g.,ถุง
300530,รอแยล-คอฟฟี่ อาราบิก้าโรบัสต้าเบลนด์ 10,กล่อง
300530-1,รอแยล-คอฟฟี่ อาราบิก้าโรบัสต้าเบลนด์ 10 (หีบ),หีบ
300530-2,Arabica Coffee Pack 10 Sack/Box,Box
300530-3,Arabica Coffee Pack 27 Sack/Pack,Pack
300530-4,Arabica Coffee Pack 05 Sack/Bag,Bag
300531,รอแยล-คอฟฟี่ อาราบิก้าโรบัสต้าเบลนด์ 05,ถุง
300531-1,รอแยล-คอฟฟี่ อาราบิก้าโรบัสต้าเบลนด์ 05 (รุ่น48ถุง),ถุง
300532,ผงชงชิม อาราบิก้าโรบัสต้าเบลนด์  250 กรัม,แพ็ค
300533,Tester รอแยล-คอฟฟี่ อาราบิก้าโรบัสต้าเบลนด์,ซอง
300533-1,รอแยล-คอฟฟี่ อาราบิก้าโรบัสต้าเบลนด์ (30 ซอง),แพ็ค
300533-2,รอแยล-คอฟฟี่ อาราบิก้าโรบัสต้าเบลนด์,ซอง
300534,รอแยล-คอฟฟี่ อาราบิก้าโรบัสต้าเบลนด์(รุ่น27ซอง),แพ็ค
300534-1,รอแยล-คอฟฟี่ อาราบิก้าโรบัสต้าเบลนด์ (27 ซอง) (ลัง) (RYA 27),ลัง
300534-2,รอแยล-คอฟฟี่ อาราบิก้าโรบัสต้าเบลนด์(รุ่น27ซอง)(12แพ็ค),แพ็ค
300534-3,รอแยล-คอฟฟี่ อาราบิก้าโรบัสต้าเบลนด์(รุ่น27ซอง) - ใสสะอาด,แพ็ค
300535,ผงชงชิม  แคลร์โทลาเจน 250 g.,แพ็ค
300536,รอแยล-คอฟฟี่ อาราบิก้าโรบัสต้าเบลนด์ 05 (หีบ)(RYA 05),หีบ
300537,ผงชงชิม อาราบิก้าโรบัสตร้าเบลนด์ 500 กรัม,แพ็ค
300538,Tester กาแฟปรุงสำเร็จเฟิร์สรอแยลไวท์คอฟฟี่,ซอง
300539,Tester เครื่องดื่มมะเขือเทศชนิดผง ตราแคล์ร โทลาเจน,ซอง
300540,ผงชงชิม แคลร์ คอฟฟี่ พรีไบโอ 250 กรัม (แพ็ค),แพ็ค
300541,แคล์ร คอฟฟี่ เอสเพรสโซ่ 250 กรัม,แพ็ค
300543,ชุดกิ๊ฟเซ็ท,ชุด
300544,แคลร์ส คอฟฟี่ บูสเตอร์ 10 ซอง (แพ็ค3),แพ็ค
300545,แคลร์ส คอฟฟี่ บิวตี้ 10 ซอง (แพ็ค3),แพ็ค
300546,แคลร์ส คอฟฟี่ พรีไบโอ 14 กรัม 10 ซอง (แพ็ค3),แพ็ค
300547,ผงชงชิม แคลร์ คอฟฟี่ บิวตี้ 250 กรัม (แพ็ค),แพ็ค
300548,ผงชงชิม แคลร์ คอฟฟี่ บูสเตอร์ 250 กรัม (แพ็ค),แพ็ค
300549,ชุดกิ๊ฟเซ็ท Clare's Tolagen,ชุด
300550,ชุด Clare's Tolagen,ชุด
300551,เครื่องดื่มชนิดผง ตรา แคล์ร ไฟเบอร์,กล่อง
300551-1,เครื่องดื่มชนิดผง ตรา แคล์ร ไฟเบอร์ (ลัง),ลัง
300551-2,Clare's Flber Lemon Honey 170g,Box
300551-3,เครื่องดื่มชนิดผง ตรา แคล์ร ไฟเบอร์ (ซอง),ซอง
300551-4,เครื่องดื่มชนิดผง ตรา แคล์ร ไฟเบอร์ - ใสสะอาด,กล่อง
300552,Tester เครื่องดื่มชนิดผง ตรา แคล์ร ไฟเบอร์,ซอง
300553,กิ๊ฟเซ็ทแคลซี่-ดี รสส้มและรสช็อกโกแลต,ชุด
300554,กิ๊ฟเซ็ทแคลร์คอฟฟี่ สูตรพรีไบโอและสูตรบิวตี้,ชุด
300555,อาหารเสริมใยอาหารชนิดผง ตราแคล์ร ไฟเบอร์,กล่อง
300556,คอลลาเจน 10,000 มก. (กลิ่นส้ม),กล่อง
300557,Tester คอลลาเจน 10,000 มก. (กลิ่นส้ม),ซอง
300558,กาแฟสำเร็จรูปผสมอาราบิก้า ตรารอแยล คอฟฟี่โกลด์ 100กรัม,ถุง
300558-1,กาแฟสำเร็จรูปผสมอาราบิก้า ตรารอแยล คอฟฟี่โกลด์ 100กรัม(ลัง)(RYF100),ลัง
300558-2,Arabeca Freeze Dried coffee (3in1) 100 mg,Bag
300559,กาแฟสำเร็จรูปผสมอาราบิก้า ตรารอแยล คอฟฟี่โกลด์ 50กรัม,ถุง
300559-1,กาแฟสำเร็จรูปผสมอาราบิก้า ตรารอแยล คอฟฟี่โกลด์ 50กรัม(ลัง),ลัง
300560,เมล็ดกาแฟคั่วแท้ ตรารอแยล-คอฟฟี่ 250 กรัม,แพ็ค
300561,ชุดกระเช้าของขวัญใหญ่,ชุด
300562,ชุดกระเช้าของขวัญเล็ก,ชุด
300563,กาแฟสำเร็จรูป อาราบิก้า เอสเปรสโซ่ ตรารอแยล-คอฟฟี่โกลด์(รุ่น22ซอง),แพ็ค
300563-1,กาแฟอาราบิก้า เอสเปรสโซ ตรารอแยล-คอฟฟี่โกลด์(รุ่น22ซอง)(ลัง),ลัง
300563-2,กาแฟอาราบิก้า เอสเปรสโซ ตรารอแยล-คอฟฟี่โกลด์(รุ่น22ซอง)(ซอง),ซอง
300563-3,Arabeca Esperesso RoyalD Coffee 22Sach,Pack
300563-4,กาแฟสำเร็จรูป อาราบิก้า เอสเปรสโซ่ ตรารอแยล-คอฟฟี่โกลด์(รุ่น22ซอง) - ใสสะอาด,แพ็ค
300563-5,กาแฟสำเร็จรูป อาราบิก้า เอสเปรสโซ่ ตรารอแยล-คอฟฟี่โกลด์(รุ่น22ซอง)(รุ่น12แพ็ค),แพ็ค
300564,Tester อาราบิก้า เอสเปรสโซ ตรารอแยล-คอฟฟี่โกลด์,ซอง
300564-1,อาราบิก้า เอสเปรสโซ ตรารอแยล-คอฟฟี่โกลด์(ซอง),ซอง
300565,ผงชงชิมกาแฟอาราบิก้า เอสเพรสโซ่ 250 กรัม,แพ็ค
300566,ชุด GIFT SET,ชุด
300567,ชุด GIFT SET (2566),ชุด
300568,อาราบิก้า ลาเต้ กาแฟปรุงสำเร็จชนิดผง ตรารอแยล-คอฟฟี่(รุ่น22ซอง),แพ็ค
300568-1,อาราบิก้า ลาเต้ กาแฟปรุงสำเร็จชนิดผง ตรารอแยล-คอฟฟี่(รุ่น22ซอง)(ลัง),ลัง
300569,รอแยล-คอฟฟี่ อาราบิก้าโรบัสต้าเบลนด์(รุ่น27แถมRYE),แพ็ค
300569-1,รอแยล-คอฟฟี่ อาราบิก้าโรบัสต้าเบลนด์(รุ่น27แถมRYE)(ลัง),ลัง
300570,Tester อาราบิก้า ลาเต้ กาแฟปรุงสำเร็จชนิดผง ตรารอแยล-คอฟฟี่,ซอง
300570-1,อาราบิก้า ลาเต้ กาแฟปรุงสำเร็จชนิดผง ตรารอแยล-คอฟฟี่(ซอง),ซอง
300571,รอแยล-คอฟฟี่ โกลด์ เครมมา ขนาด 40กรัม,ถุง
300571-1,รอแยล-คอฟฟี่ โกลด์ เครมมา ขนาด 40กรัม(ลัง),ลัง
300572,รอแยล-คอฟฟี่ โกลด์ เครมมา ขนาด 100กรัม,ถุง
300572-1,รอแยล-คอฟฟี่ โกลด์ เครมมา ขนาด 100กรัม(ลัง),ลัง
400101,เบลลาครีมวิตามินอี 15 กรัม,หลอด
400201,เบลลาครีมลดรอยฝ้า 15 กรัม,หลอด
400301,เบลลาครีมลดรอยสิว 5 กรัม,หลอด
500101,โคโซแตน 60 ml.,ขวด
500102,เนเจอร์ทุเรียน ขนาด 100 กรัม,กล่อง
500102-1,เนเจอร์ทุเรียน ขนาด 100 กรัม (ลัง),ลัง
500103,เนเจอร์ทุเรียน ขนาด 40 กรัม,ถุง
500103-1,เนเจอร์ทุเรียน ขนาด 40 กรัม (ลัง),ลัง
500104,Tester เนเจอร์ทุเรียน ขนาด 20 กรัม,ซอง
500105,เนเจอร์ทุเรียน ขนาด 70 กรัม,ซอง
500106,มะม่วงอบแห้ง ขนาด 35 กรัม,ซอง
500107,มะม่วงอบกรอบ ตราเนเจอร์ไวต้า,กล่อง
500108,มะพร้าวอบกรอบ ตราเฟิร์สรอยัล,ซอง
500109,มะม่วงอบแห้ง ตราเฟิร์สรอยัล,ซอง
500110,เนเจอร์ไวต้า รสส้มแคลิฟอร์เนีย  500 กรัม,แพ็ค
500111,เนเจอร์ไวต้า รสองุ่น 500 กรัม,แพ็ค
500112,เนเจอร์ไวต้า รสกีวี่ 500 กรัม,แพ็ค
500113,เนเจอร์ไวต้า รสสัปปะรด 500 กรัม,แพ็ค
500114,เนเจอร์ไวต้า รสพั้นซ์  500 กรัม,แพ็ค
500115,เนเจอร์ไวต้า รสฮันนี่เลมอน 500 กรัม,แพ็ค
500116,เนเจอร์ไวต้า รสมิกซ์เบอร์รี่ 500 กรัม,แพ็ค
500117,เนเจอร์ไวต้า รสฝรั่งสีชมพู 500 กรัม,แพ็ค
500118,เนเจอร์ไวต้า รสสตอรเบอร์รี่ 500 กรัม,แพ็ค
500119,เนเจอร์ทุเรียน ขนาด 200 กรัม,แพ็ค
500120,มะพร้าวอบกรอบ รสดั้งเดิม ขนาด 40 กรัม,กล่อง
500121,มะพร้าวอบกรอบ รสเค็ม ขนาด 40 กรัม,กล่อง
500122,มะพร้าวอบกรอบ รสวาซาบิ ขนาด 40 กรัม,กล่อง
500123,มะพร้าวอบกรอบ เคลือบช็อคโกแลต,แพ็ค
500124,เนเจอร์ทุเรียน ขนาด100กรัม (หีบ),หีบ
500125,เนเจอร์ไวต้า กาแฟเอสเพรสโซ่  500 กรัม,แพ็ค
500126,เนเจอร์ไวต้า ช็อกโกแลต 500 กรัม,แพ็ค
500126-1,เนเจอร์ไวต้า ช็อกโกแลต 500 กรัม (ไม่ติดสติ๊กเกอร์),แพ็ค
500127,เนเจอร์ไวต้า คาปูชิโน่ 500 กรัม,แพ็ค
500128,เนเจอร์ไวต้า รสมะม่วง 500 กรัม,แพ็ค
500129,เนเจอร์ทุเรียน ขนาด 280 กรัม,ถุง
500129-1,เนเจอร์ทุเรียน ขนาด 280 กรัม(ลัง),ลัง
500130,ข้าวเหนียวทุเรียน,กล่อง
500131,ข้าวเหนียวมะม่วง,กล่อง
500132,Tester ข้าวเหนียวทุเรียน ขนาด 40 กรัม,ซอง
500133,เนเจอร์ไวต้า คาเฟ่ ชาเขียวลาเต้ 350 กรัม,แพ็ค
500134,ผงไอศรีม รสนม 1000 กรัม,แพ็ค
500135,ผงไอศรีม รสทุเรียน 1000 กรัม,แพ็ค
500136,ผงไอศครีม รสช็อกโกแลต ขนาด 1000 กรัม,แพ็ค
500137,ผงไอศรีม รสวนิลา 1000 กรัม,แพ็ค
500138,ผงไอศรีม รสชาเขียว 1000 กรัม,แพ็ค
500139,เนเจอร์ไวต้า รสชาไทย 500 กรัม,แพ็ค
500140,เนเจอร์ไวต้า รสชาไทย 350 กรัม,แพ็ค
500141,เนเจอร์ไวต้า รสแอปเปิ้ล 500 กรัม,แพ็ค
500142,เครื่องดื่มรสนมชนิดผง ตราเนเจอร์คาเฟ่ 350 กรัม,แพ็ค
500159,Tester โยเกิร์ตอบกรอบ (รสมะเขือเทศ) รูปไดโนเสาร์,ซอง
500160,Tester โยเกิร์ตอบกรอบ (รสมะม่วง) รูปไดโนเสาร์,ซอง
500161,Tester โยเกิร์ตอบกรอบ (รสออริจินอล) รูปไดโนเสาร์,ซอง
500162,Tester โยเกิร์ตอบกรอบ (รสสตอเบอร์รี่) รูปไดโนเสาร์,ซอง
500163,โยเกิร์ตอบกรอบ (รสออริจินอล) รูปไดโนเสาร์  25กรัม,กล่อง
500164,โยเกิร์ตอบกรอบ (รสสตอเบอร์รี่) รูปไดโนเสาร์ 25กรัม,กล่อง
500165,โยเกิร์ตอบกรอบ (รสมะเขือเทศ) รูปไดโนเสาร์ 25กรัม,กล่อง
500166,โยเกิร์ตอบกรอบ (รสมะม่วง) รูปไดโนเสาร์ 25กรัม,กล่อง
500167,ถั่งเช่า 30 แคปซูล ตรา รอแยล คอร์ดี้-พลัส,ขวด
500167-1,Royal CORDY Plus 30c,Box
500167-2,ถั่งเช่า 30 แคปซูล ตรา รอแยล คอร์ดี้-พลัส (ใสสะอาด),ขวด
500168,ถั่งเช่า 24 กล่อง ตรา รอแยล คอร์ดี้-พลัส,กล่อง
500168-1,ถั่งเช่าสีทอง ขนาด 2 แคปซูล ตรา รอแยล คอร์ดี้-พลัส,กล่อง
500168-2,Royal CORDY Plus 24 Box (RCP24),Box
500169,Tester ถั่งเช่า ตรา รอแยล คอร์ดี้-พลัส,ซอง
500170,Royal CORDY Plus 10c  (RCP10),Box
500170-1,ถั่งเช่าสีทอง ขนาด 10 แคปซูล ตรา รอแยล คอร์ดี้-พลัส,กล่อง
500171,โยเกิร์ตอบกรอบ รสออริจินอล รูปหัวใจ 25กรัม,กล่อง
500172,โยเกิร์ตอบกรอบ รสสตอเบอร์รี่ รูปหัวใจ 25กรัม,กล่อง
500173,โยเกิร์ตอบกรอบ รสกล้วย รูปหัวใจ 25กรัม,กล่อง
500174,โยเกิร์ตอบกรอบ รสมะเขือเทศ รูปหัวใจ 25กรัม,กล่อง
500175,โยเกิร์ตอบกรอบ รสมะม่วง รูปหัวใจ 25กรัม,กล่อง
500176,Tester โยเกิร์ตอบกรอบ รสออริจินอล รูปหัวใจ,ซอง
500177,Tester โยเกิร์ตอบกรอบ รสสตอเบอร์รี่ รูปหัวใจ,ซอง
500178,Tester โยเกิร์ตอบกรอบ รสกล้วย รูปหัวใจ,ซอง
500179,Tester โยเกิร์ตอบกรอบ รสมะเขือเทศ รูปหัวใจ,ซอง
500180,Tester โยเกิร์ตอบกรอบ รสมะม่วง รูปหัวใจ,ซอง
500181,ชุดถั่งเช่า 30 แคปซูล (แถมรุ่น10แคปซูล),ชุด
500182,Royal Cordy Plus 30c Pack 2 Box,Set
500183,Royal Cordy Plus 10c Pack 2 Box,Set
500184,โยเกิร์ตอบกรอบ รสออริจินอล รูปหัวใจ 20 กรัม (ซอง),ซอง
500184-1,โยเกิร์ตอบกรอบ รสออริจินอล รูปหัวใจ 20 กรัม (กล่อง),กล่อง
500184-2,โยเกิร์ตอบกรอบ รสออริจินอล รูปหัวใจ 20 กรัม (ลัง),ลัง
500184-3,Freeze Dries Heart figure Yogust Oringnal Flavour Nature Bite 20g.,Box
500185,โยเกิร์ตอบกรอบ รสสตอเบอร์รี่ รูปหัวใจ 20 กรัม (ซอง),ซอง
500185-1,โยเกิร์ตอบกรอบ รสสตอเบอร์รี่ รูปหัวใจ 20 กรัม (กล่อง),กล่อง
500185-2,โยเกิร์ตอบกรอบ รสสตอเบอร์รี่ รูปหัวใจ 20 กรัม (ลัง),ลัง
500185-3,Freeze Dries Heart figure Yogust Strawberry Flavour Nature Bite 20g.,Box
500186,ถั่งเช่า ผสมมัลติวิตามิน ตรารอแยล คอร์ดี้-พลัส,กล่อง
500186-1,ถั่งเช่า ผสมมัลติวิตามิน ตรารอแยล คอร์ดี้-พลัส(ลัง),ลัง
500186-2,ถั่งเช่า ผสมมัลติวิตามิน ตรารอแยล คอร์ดี้-พลัส(ซอง),ซอง
500187,เทสเตอร์ ถั่งเช่า ผสมมัลติวิตามิน ตรารอแยล คอร์ดี้-พลัส,ซอง
500188,Freeze-Dried Yogut Original Flavour,Box
500189,Freeze-Dried Yogut Strawberry Flavour,Box
500190,Freeze-Dried Yogut Mango Flavour,Box
500191,Freeze-Dried Yogut Tomato Flavour,Box
500192,โยเกิร์ตอบกรอบ รสกล้วย รูปหัวใจ 20 กรัม (ซอง),ซอง
500192-1,โยเกิร์ตอบกรอบ รสกล้วย รูปหัวใจ 20 กรัม (กล่อง),กล่อง
500192-2,โยเกิร์ตอบกรอบ รสกล้วย รูปหัวใจ 20 กรัม (ลัง),ลัง
500192-3,Freeze Dries Heart figure Yogust Banana Flavour Nature Bite 20g.,Box
500193,โยเกิร์ตอบกรอบ รสมะม่วง รูปหัวใจ 20 กรัม (ซอง),ซอง
500193-1,โยเกิร์ตอบกรอบ รสมะม่วง รูปหัวใจ 20 กรัม (กล่อง),กล่อง
500193-2,โยเกิร์ตอบกรอบ รสมะม่วง รูปหัวใจ 20 กรัม (ลัง),ลัง
500193-3,Freeze Dries Heart figure Yogust Mango Flavour Nature Bite 20g.,Box
500194,โยเกิร์ตอบกรอบ บลูเบอร์รี่ รูปไดโนเสาร์ 25 กรัม,กล่อง
500194-1,Freeze Dries Dinosaur figure Yogust Snack-Blueberry Nature Bite,Box
500195,นมปรุงแต่งอัดเม็ด รสหวาน 12 (กล่อง),กล่อง
500195-1,นมปรุงแต่งอัดเม็ด รสหวาน 12 (ซอง),ซอง
500195-2,นมปรุงแต่งอัดเม็ด รสหวาน 12 (ลัง),ลัง
500195-3,Sweetened Flavored Milk Tablet Natur Bite 12,Box
500196,นมปรุงแต่งอัดเม็ด รสช็อกโกแลต 12 (กล่อง),กล่อง
500196-1,นมปรุงแต่งอัดเม็ด รสช็อกโกแลต 12(ซอง),ซอง
500196-2,นมปรุงแต่งอัดเม็ด รสช็อกโกแลต 12 (ลัง),ลัง
500196-3,Chocolate Flavored Milk Tablet Natur Bite 12,Box
500197,Tester นมปรุงแต่งอัดเม็ด รสหวาน 10 g.,ซอง
500198,Tester นมปรุงแต่งอัดเม็ด รสช็อกโกแลต 10g.,ซอง
500199,Tester นมปรุงแต่งอัดเม็ด รสสตรอเบอร์รี่ 10g,ซอง
500200,วิตามินซี 60มก. กลิ่นส้ม ตราเนเจอร์ ไบท์,ซอง
500200-1,วิตามินซี 60มก. กลิ่นส้ม ตราเนเจอร์ ไบท์ (กล่อง),กล่อง
500200-2,วิตามินซี 60มก. กลิ่นส้ม ตราเนเจอร์ ไบท์ (ลัง),ลัง
500200-3,Vitamin C 1200 mg Orange Flavour,Box
500201,วิตามินซี 60มก. กลิ่นองุ่น ตราเนเจอร์ ไบท์,ซอง
500201-1,วิตามินซี 60มก. กลิ่นองุ่น ตราเนเจอร์ ไบท์ (กล่อง),กล่อง
500201-2,วิตามินซี 60มก. กลิ่นองุ่น ตราเนเจอร์ ไบท์ (ลัง),ลัง
500201-3,Vitamin C 1200 mg Grape Flavour,Box
500202,Tester วิตามินซี 60มก. กลิ่นส้ม ตราเนเจอร์ ไบท์,ซอง
500203,Tester วิตามินซี 60มก. กลิ่นองุ่น ตราเนเจอร์ ไบท์,ซอง
500204,Natural lemon flavoured beverage (Royal-d c1000 brand),กล่อง
500204-1,วิตามินซี 1000มก. (กลิ่นไลม์) ผลิตภัณฑ์เสริมอาหาร ตรา รอแยล-ดี,กล่อง
500205,โยเกิร์ตอบกรอบ แครนเบอร์รี่ รูปหัวใจ 25 กรัม,กล่อง
500205-1,Freeze Dries Heart figure Yogust Snack-Cranberry Nature Bite 25g.,Box
500206,โยเกิร์ตอบกรอบ แครนเบอร์รี่ รูปหัวใจ 20 กรัม,ซอง
500206-1,โยเกิร์ตอบกรอบ แครนเบอร์รี่ รูปหัวใจ 20 กรัม(กล่อง),กล่อง
500206-2,Freeze Dries Heart figure Yogust Snack-Cranberry Nature Bite 20g.,Box
500207,โยเกิร์ตอบกรอบ บลูเบอร์รี่ รูปหัวใจ 20 กรัม,ซอง
500207-1,โยเกิร์ตอบกรอบ บลูเบอร์รี่ รูปหัวใจ 20 กรัม(กล่อง),กล่อง
500207-2,Freeze Dries Heart figure Yogust Snack-Blueberry Nature Bite 20g.,Box
500208,โยเกิร์ตอบกรอบ บลูเบอร์รี่ รูปหัวใจ 25 กรัม,กล่อง
500208-1,Freeze Dries Heart figure Yogust Snack-Blueberry Nature Bite,Box
500209,โยเกิร์ตอบกรอบ แครนเบอร์รี่ รูปไดโนเสาร์ 25 กรัม,กล่อง
500209-1,Freeze Dries Dinosaur figure Yogust Snack-Cranberry Nature Bite,Box
500210,นมปรุงแต่งอัดเม็ด รสหวาน 10 (กล่อง),กล่อง
500210-1,นมปรุงแต่งอัดเม็ด รสหวาน 10 (ซอง),ซอง
500210-2,Sweetened Flavored Milk Tablet Natur Bite,Box
500211,นมปรุงแต่งอัดเม็ด รสช็อกโกแลต 10 (กล่อง),กล่อง
500211-1,นมปรุงแต่งอัดเม็ด รสช็อกโกแลต 10 (ซอง),ซอง
500211-2,Chocolate Flavored Milk Tablet Natur Bite,Box
500212,นมปรุงแต่งอัดเม็ด รสสตอเบอร์รี่ 10 (กล่อง),กล่อง
500212-1,นมปรุงแต่งอัดเม็ด รสสตอเบอร์รี่ 10 (ซอง),ซอง
500212-2,Strawberry Flavored Milk Tablet Natur Bite,Box
500213,Tester โยเกิร์ตอบกรอบ แครนเบอร์รี่ รูปหัวใจ,ซอง
500214,Tester โยเกิร์ตอบกรอบ บลูเบอร์รี่ รูปหัวใจ,ซอง
500215,Tester โยเกิร์ตอบกรอบ แครนเบอร์รี่ รูปไดโนเสาร์ 25 กรัม,ซอง
500216,Tester โยเกิร์ตอบกรอบ บลูเบอร์รี่ รูปไดโนเสาร์ 25 กรัม,ซอง
500301,รอแยล-ดี น้ำ รสสตอเบอร์รี่ 390 ml. (RWS 390),ขวด
500302,รอแยล-ดี น้ำ รสองุ่น 390 ml.(RWG 390),ขวด
500303,รอแยล-ดี น้ำ 390 ml. (RDW 390),ขวด
500304,รอแยล-ดี น้ำ รสสตอเบอร์รี่ 330 ml. (RWS 330),ขวด
500304-1,Mixed Frulls Flavoured Juice (Strawberry),Bottle
500304-2,รอแยล-ดี น้ำ รสสตอเบอร์รี่ 330 ml. (RWS 330)( 72 ขวด),ขวด
500305,รอแยล-ดี น้ำ รสองุ่น 330 ml.(RWG 330),ขวด
500305-1,Mixed Frulls Flavoured Juice (Grape),Bottle
500306,รอแยล-ดี น้ำ 330 ml. (RDW 330) ( 24 ขวด),ขวด
500306-1,รอแยล-ดี น้ำ 330 ml. (RDW 330) ( 72 ขวด),ขวด
500306-2,Mixed Frulls Flavoured Juice (Mixed Frult),Bottle
500307,เครื่องดื่มน้ำรสองุ่น12% ผสมเกลือแร่ 330 ml.(RWM330),ขวด
500307-1,เครื่องดื่มน้ำรสองุ่น12% ผสมเกลือแร่ 330 ml. รุ่น12ขวด,แพ็ค
500307-2,เครื่องดื่มน้ำรสองุ่น12% ผสมเกลือแร่ 330 ml.(RWM330)(ลัง),ลัง
500307-3,เครื่องดื่มน้ำรสองุ่น12% ผสมเกลือแร่ 330 ml.(RWM330 รุ่น 5 แถม 1),ขวด
500307-4,เครื่องดื่มน้ำรสองุ่น12% ผสมเกลือแร่ 330 ml.(RWM330 รุ่น 5 แถม 1)(ลัง),ลัง
500308,รอแยล-ดี วิตามิน วอเตอร์ วิตามิน B,ขวด
500308-1,รอแยล-ดี วิตามินบีวอเตอร์420ml รุ่น12ขวด,แพ็ค
500308-2,รอแยล-ดี วิตามินบีวอเตอร์420ml รุ่น12ขวด,ขวด
500308-3,รอแยล-ดี วิตามิน วอเตอร์ วิตามิน B (ลัง),ลัง
500308-4,Royal-D Vitamin Water (B1 B6 B12),Bottle
500309,รอแยล-ดี วิตามิน วอเตอร์ วิตามิน C,ขวด
500309-1,รอแยล-ดี วิตามิน วอเตอร์ วิตามิน C(ลัง),ลัง
500310,เครื่องดื่มวิตามิน ซี 1000มก(ตปท),ขวด
500310-1,Royal D Vitamin B1 B2 B6 & Vitamin C1000mg,Bottle
500310-2,เครื่องดื่มวิตามิน ซี 1000มก(กล่อง),กล่อง
500310-3,เครื่องดื่มวิตามิน ซี 1000มก(ลัง),ลัง
500311,ผลิตภัณฑ์เสริมอาหาร วิตามินซี 1000 มก. (ตรา รอแยล-ดี),ขวด
500311-1,ผลิตภัณฑ์เสริมอาหาร วิตามินซี 1000 มก. (ตรา รอแยล-ดี)(กล่อง),กล่อง
500311-2,ผลิตภัณฑ์เสริมอาหาร วิตามินซี 1000 มก. (ตรา รอแยล-ดี)(ลัง),ลัง
500311-3,ผลิตภัณฑ์เสริมอาหาร วิตามินซี 1000 มก. (ตรา รอแยล-ดี)(รุ่น5กล่อง)(ลัง),ลัง
500311-4,ผลิตภัณฑ์เสริมอาหาร วิตามินซี 1000 มก. (ตรา รอแยล-ดี)(รุ่น5กล่อง),ขวด
500311-5,ผลิตภัณฑ์เสริมอาหาร วิตามินซี 1000 มก. (ตรา รอแยล-ดี)(กิ๊ฟเซ็ท),กล่อง
500311-6,ผลิตภัณฑ์เสริมอาหาร วิตามินซี 1000 มก. (ตรา รอแยล-ดี)(รุ่น5กล่อง)(กล่อง),กล่อง
500312,เครื่องดื่มกลิ่นส้มผสมวิตามินและเกลือแร่ ขนาด 330 ml (RBW330),ขวด
500312-1,Royal D Vitamin B1 B6 B12 & Vitamin C (Arrange) 330ml,bottle
500313,เครื่องดื่มรสขิงผสมเลมอน รอแยล-ดี,ขวด
500313-1,Ginger extract Honey vltamin C E,bottle
500313-2,เครื่องดื่มรสขิงผสมเลมอน รอแยล-ดี (กล่อง),กล่อง
500313-3,เครื่องดื่มรสขิงผสมเลมอน รอแยล-ดี(ลัง),ลัง
500313-4,เครื่องดื่มรสขิงผสมเลมอน รอแยล-ดี(กิ๊ฟเซ็ท),กล่อง
500313-5,Ginger extract Honey vltamin C E(Box),BOX
500314,ผลิตภัณฑ์เสริมอาหาร ตรารอแยล คอร์ดี้ พลัส ถั่งเช่าสกัด 2000มก.,ขวด
500314-1,Dietay Supplement Product Royal Cordy Plus Brand,Box
500314-2,ผลิตภัณฑ์เสริมอาหาร ตรารอแยล คอร์ดี้ พลัส ถังเช่าสกัด 2000มก.(กล่อง),กล่อง
500314-3,ผลิตภัณฑ์เสริมอาหาร ตรารอแยล คอร์ดี้ พลัส ถังเช่าสกัด 2000มก.(ลัง),ลัง
500314-4,ผลิตภัณฑ์เสริมอาหาร ตรารอแยล คอร์ดี้ พลัส ถั่งเช่าสกัด 2000มก.(กิ๊ฟเซ็ท),กล่อง
505000,เครื่องดื่ม Synergy (ไทย),ขวด
505000-1,เครื่องดื่ม Synergy (ไทย) (แพ็ค 6 ขวด),แพ็ค
505000-2,เครื่องดื่ม Synergy (F),ขวด
505001,เครื่องดื่ม Synergy (ตปท),ขวด
505002,เครื่องดื่ม Synergy (ไทย) (หีบ),ขวด
505003,เครื่องดื่มน้ำทับทิมตรา ซินเนอร์จี้ ไฮ-ซี (รุ่น 60 ขวด),ขวด
505003-1,เครื่องดื่มน้ำทับทิมตรา ซินเนอร์จี้ ไฮ-ซี (แพ็ค 6 ขวด),แพ็ค
505004,เครื่องดื่ม Synergy (รุ่น 60 ขวด),ขวด
505005,เครื่องดื่มน้ำทับทิมตรา ซินเนอร์จี้ ไฮ-ซี (แพ็ค),ขวด
505006,เครื่องดื่มน้ำทับทิมตรา ซินเนอร์จี้ ไฮ-ซี (หีบ),หีบ
6020,รายได้จากการขายสินค้า,ครั้ง
6021,เงินมัดจำรับล่วงหน้า,ครั้ง
700,อุปกรณ์ส่งเสริมการขาย,ชิ้น
700-13,สติ๊กเกอร์ติดกล่องขนาด 7 x 5.5 ซม,ดวง
700-14,สติ๊กเกอร์ติดกล่องขนาด 7 x 6.5 ซม.,ดวง
700-15,สติ๊กเกอร์ติดกล่องขนาด 7 x 5.2 ซม.,ดวง
700-16,สติ๊กเกอร์ติดกล่องขนาด 7 x 5.6 ซม.,ดวง
700-17,สติ๊กเกอร์ติดกล่องขนาด 7 x 5.1 ซม.,ดวง
700-18,สติ๊กเกอร์ติดกล่องขนาด 7 x 7.6 ซม.,ดวง
700-19,สติ๊กเกอร์ติดกล่องขนาด 6.8 x 1.7 ซม.,ดวง
700-20,สแตนดี้ รอแยล-ดี เวย์โปรตีน,ตัว
700-21,สแตนดี้ แคล์ร ไฟเบอร์,ตัว
700-22,สติ๊กเกอร์ติดรถแข่ง,งาน
700-23,สแตนดี้ รอแยล-ดี,ตัว
700-24,กล่องชิงโชค กระดาษลูกฟูกประกบออฟเซ็ท,ชิ้น
700-25,สแตนดี้ ถังเช่า,ตัว
700-26,สติ๊กเกอร์รอแยลคอฟฟี่ 3 in 1 อาราบิก้า,ดวง
700-26.1,สติ๊กเกอร์รอแยลคอฟฟี่ 3 in 1 อาราบิก้า(หีบ),หีบ
700-26.2,สติ๊กเกอร์รอแยลคอฟฟี่อาราบิก้า(หีบ),หีบ
700-26.3,สติ๊กเกอร์รอแยลคอฟฟี่อาราบิก้าฟรีซดราย (หีบ),หีบ
700-27,สแตนดี้ รอแยล-ดี เจล รสส้ม,ตัว
700-28,สแตนดี้ รอแยล-ดี เจล รสกาแฟ,ตัว
700-29,สติ๊กเกอร์รอแยลคอฟฟี่ อาราบิก้า 27ซอง(หีบ),หีบ
700-30,สติ๊กเกอร์เครื่องดื่มเกลือแร่รอแยลดี(หีบ),หีบ
700-31,แผ่นใบปลิวกระดาษเหลืองพิมพ์สีเขียว,ใบ
700-32,สแตนดี้ เครื่องดื่มแร่ธาตุ,ตัว
700-33,สติ๊กเกอร์รอแยลคอฟฟี่ อาราบิก้าเอสเปรซโซ และอาราบิก้าลาเต้ 22ซอง(หีบ),หีบ
700-34,สติ๊กเกอร์รอแยลคอฟฟี่ กาแฟชนิดผง(หีบ),หีบ
700-35,สติ๊กเกอร์รอแยลดี ผลไม้รวม 330มล.,หีบ
700-36,สแตนดี้ เครื่องดื่มน้ำ,ตัว
700-57,ป้ายผ้าธงรอแยล-ดี,ใบ
7002,ร่มนีโอไลต์,คัน
7003,แก้วกาแฟบิวตี้,ใบ
7004,แก้วกาแฟบูสเตอร์,ใบ
7005,เสื้อโปโลคละสี,ตัว
7006,เสื้ออัศวินดำ,ตัว
7007,เสื้อขาวคอกลม รอแยล-ดี,ตัว
7008,เสื้อแจ็คเก็ตขาว รอแยล-ดี,ตัว
7009,เสื้อรอแยล-ดี สีส้มคลิบเขียว,ตัว
701,แผ่นพับ แคลร์ส คอฟฟี่,ใบ
701-1,แผ่นพับแคลร์ส คอฟฟี่ พับ 3 ตอน,ใบ
701-10,การ์ดใส่ตัวอย่างแคลร์คอลลาเจน,ชิ้น
701-11,Counter Stand แคล์ร คอลลาเจน (3 ชั้น),ตัว
701-12,โบรชัวร์ไวท์คอฟฟี่ ขนาด 9.8x21 ซม.,ใบ
701-13,สติ๊กเกอร์โปรโมชั่นขนาด 6x5 ซม. แนวเฉียง 8 ซม.,แผ่น
701-14,สติ๊กเกอร์นีโอไลต์ 500 กรัม ขนาด 8x16 ซม.,ใบ
701-15,ใบแทรก ถั่งเช่า Royal Cordy t,ใบ
701-16,แผ่นพับ ถังเช่า Royal Cordy t,แผ่น
701-2,แผ่นพับ แคลร์ส คอฟฟี่ พิมพ์หน้า/หลัง,ใบ
701-21,ใบโบร์ชัวร์ แคลร์ส คอฟฟี่  บูสเตอร์,ใบ
701-22,ใบโบร์ชัวร์ แคลร์ส คอฟฟี่ บิ้วตี้,ใบ
701-23,ใบโบร์ชัวร์ แคลร์ส คอฟฟี่ พรีไบโอ,ใบ
701-24,ใบโบร์ชัวร์ เสริมอาหาร แคลซี-ดี ช๊อกโกแลต,ใบ
701-25,ใบโบร์ชัวร์ แคลซี-ดี โกลด์,ใบ
701-26,ใบโบร์ชัวร์ ถั่งเช่า,ใบ
701-27,ใบโบร์ชัวร์  แคล์ร ไฟเบอร์,ใบ
701-28,ใบโบร์ชัวร์  แคล์ร โพรไบโอติก,ใบ
701-29,ใบโบร์ชัวร์  เครื่องดื่มน้ำ,ใบ
701-3,การ์ดตัวอย่างสินค้า Clare's Coffee Beauty,ใบ
701-4,การ์ดตัวอย่างสินค้า Clare's Coffee Booster,ใบ
701-5,สติกเกอร์กาแฟสูญญากาศ,แผ่น
701-6,สติกเกอร์รอแยล-ดี,แผ่น
701-7,ป้ายตั้งโชว์กาแฟแคลร์ส,ชุด
701-8,สติ๊กเกอร์ RDB ขนาดเล็ก,ดวง
701-9,สติ๊กเกอร์ RDC ขนาดเล็ก,ดวง
7010,เสื้อควอลิแทต(สีแดง)  (เลิกใช้),ตัว
7011,เสื้อแคลซี่-ดี (สีส้ม),ตัว
7012,เสื้อกาแฟบิวตี้ (สีขาว ชมพู),ตัว
7013,เสื้อกาแฟบูสเตอร์ (สีขาว ดำ),ตัว
7014,ป้ายผ้าใบ รอแยล-ดี,อัน
7015,ป้ายผ้าใบนีโอโลต์,อัน
7016,แก้วแชมป์เปญ แคลซี่-ดี,ใบ
7017,ที่คั้นน้ำผลไม้,อัน
7018,เสื้อคอกลมสีส้ม นีโอไลต์ สกรีน 2 สี,ตัว
7019,เสื้อคอปกขาวคลิบน้ำเงิน นีโอไลต์ สกรีน 2 สี,ตัว
702,แผ่นพับแนะนำความสำคัญของแคลเซี่ยม,ใบ
702-1,แผ่นพับ แคลซี่-ดี พับ 3 ตอน,ใบ
702-2,แผ่นพับแคลซี่-ดี พิมพ์ หน้า/หลัง,ใบ
702-3,สติ๊กเกอร์รูปผู้หญิง+เด็ก (CC-D),ชิ้น
702-4,แผ่นพับแคลซี่ดี-ช็อคโก พิมพ์หน้า/หลังขนาด 21 x 10 ซม.,ใบ
702-5,สติ๊กเกอร์แคลซี่-ดี (ไทย-ลาว),ชุด
702-6,สติ๊กเกอร์ขาวเงา CCD-Gold 2.8x2.8 ซม. (รูปคนแก่),ชิ้น
702-7,โบรชัวร์เวย์โปรตีน,ใบ
7020,แคตตาล็อครอแยล-ดี,เล่ม
7021,เสื้อคอกลม Synergy,ตัว
7022,GL-4B Curve Exhibition desk,ตัว
7023,Sticker PVC Out Door,ตรม.
7024,BACKLIT FILM INDOOR,ตรม.
7025,Sticker PP (In Door),ตรม.
7026,ขาตั้ง Painting holder GL-2K3,ชุด
7027,PP BOARD 5 mm.,แผ่น
7028,โบร์ชัวร์ รอแยล-ดี (ขนาด A3 พับครึ่ง),ใบ
7029,กล่องเบลล่าครีม (พิมพ์ 4 สี ปั้ม K.เงิน 5 จุด),ใบ
703,แผ่นใบปลิวกัมพูชา (กระดาษเหลืองพิมพ์สีเขียว),ใบ
7030,เสื้อคอวี สกรีนรอแยล-ดี,ตัว
7030-1,เสื้อคอกลม สกรีนรอแยล-ดี,ตัว
7030-2,เสื้อคอกลม สกรีนรอแยล-ดี นักษัตร (สีแดง),ตัว
7031,ป้ายผ้าใบ กาแฟ แคลร์ส,อัน
7032,แผ่นอลูมิเนียม หนา 1.5 มม.,แผ่น
7033,เสื้อคอปกแขนยาว(จั๊มปลายแขน) สีขาว/เขียว,ตัว
7034,พิมพ์หนังสือขนาด 14.50x20.70 cm.,เล่ม
7035,แก้วสกรีน แคลซี่-ดี,ใบ
7036,ป้ายผ้าใบเครื่องดื่มซินเนอร์จี้,ผืน
704,แผ่นพับ แคลร์ส คอฟฟี่พรีไบโอ,ใบ
704-1,แผ่นพับแคลร์ คอฟฟี่ พรีไบโอ (3 ตอน),ใบ
704-2,แผ่นพับแคลร์ คอฟฟี่ พรีไบโอ พิมพ์หน้า/หลัง,ใบ
705,แผ่นพับแคลร์ คอฟฟี่ คาปูชิโน,ใบ
705-1,แผ่นพับแคลร์ คอฟฟี่ คาปูชิโน พับครึ่ง,ใบ
705-2,แผ่นพับแคลร์ คอฟฟี่ คาปูชิโน พิมพ์หน้า/หลัง ขนาด 21 x 9.7 ซม.,ใบ
705-3,การ์ดตัวอย่างสินค้าแคลร์คาปูชิโน่,ใบ
7051,ชุดของขวัญ,ชุด
7052,กล่องของขวัญแก้ว Clare's Coffee,ใบ
7053,กล่องตุ๊กตาของสมนาคุณ,ใบ
7054,ตุ๊กตา,ตัว
7055,กระบอกน้ำหัวท้ายสแตนเลส,ใบ
7056,Mini X-Frame รุ่น GL-2,อัน
7057,Photo PP Indoor,ตร.ม.
7058,กล่องของขวัญ (ชิ้นนอก),ใบ
7059,กล่องของขวัญ (ชิ้นใน),ใบ
706,แผ่นพับแคลซี่-ดี ช็อกโก,ใบ
706-1,แผ่นพับแคลซี่-ดี ช็อกโก พับ 3 ตอน,ใบ
706-2,แผ่นพับแคลซี่-ดี ช็อกโก พิมพ์หน้า/หลัง,ใบ
706-3,สติ๊กเกอร์รูปผู้หญิงและเด็ก (CCD-CHOCO),ชิ้น
706-4,สติ๊กเกอร์โภชนาการ (CCD-CHOCO),ชิ้น
7060,เสื้อโปโลซินเนอร์จี้,ตัว
7061,ป้ายอิงค์เจ็ทบนไวนิล ขนาด 4.8 x 9 เมตร,ชิ้น
7062,สติ๊กเกอร์ขาวเงา Clare's ขนาด 9.30 x 6.09 ซม.,ดวง
7063,แก้วกาแฟ แคลร์ พรีไบโอ สีเขียว,ใบ
7064,ร่มตั้งพื้นซินเนอร์จี้ ( คันใหญ่ ),อัน
7065,ซองใส่ยาขนาด 11.3 x 16.4 ซม.,ใบ
7066,สติ๊กเกอร์ PP เคลือบ UV ขนาด 25x15 ซม.,ใบ
7067,สายแขวนพลาสติกแคลซี่ดี,ชิ้น
7068,การ์ดตัวอย่างสินค้ารอแยลคอฟฟี่โสมและเห็ดหลินจือ,ใบ
7069,สายแขวนเกลือแร่รอแยล-ดี,อัน
7070,ป้ายไวนิลขนาด 200x80 ม.(พร้อมร้อยเชือกตอกตาไก่),ตร.ม
7071,เสื้อโปโลแคลซี่ดี (ส้ม+ขาว),ตัว
7072,ป้ายไวนิล ขนาด 9x5 m. (พร้อมติดตั้ง),งาน
7073,ป้ายไวนิล ขนาด 8.5x3 m. (พร้อมติดตั้ง),งาน
7074,กล่อง Gift Set,ชุด
7075,สติ๊กเกอร์สูญญากาศขนาด 21x30 ซม.(A4) พิมพ์ 4 สี,ชิ้น
7076,แก้วผสมเครื่องดื่ม (แก้วเชค),ใบ
7078,กระบอกน้ำ แคลซี่-ดี/ รอแยล-ดี,ใบ
7079,กระบอกน้ำ Royal-D Sport,ใบ
7080,กระบอกน้ำ Royal-D Whey,ใบ
7081,ธงญี่ปุ่นเวย์โปรตีน,ใบ
7082,เสื้อกล้าม สกรีน 2 สี,ตัว
7083,เสื้อเอี๊ยม สกรีน 2 สี,ตัว
7084,ร่มขนาด 24 นิ้ว,คัน
7084-1,ร่มพับ Royal - D 3 ตอน,คัน
7085,ชั้นวางสินค้าแบบหน้าเดียว 4 ขั้นรวมฐาน,ตัว
7086,สติ๊กเกอร์ขูดรหัสรับโชค กระดาษเคลือบ PVC ขนาด 4*4cm พิมพ์ 4 สี ไดคัท,ดวง
7087,สติ๊กเกอร์หมึกขูด ขนาด 1X 5 cm. ชิ้นละ1ชุด พิมพ์ภาษาลาว,ดวง
7088,สติ๊กเกอร์ โปสเตอร์ PVC ขนาด A4 พิมพ์ 4 สี ไดคัด,ดวง
7089,เสื้อยืดเวย์โปรตีน สีขาว,ตัว
7090,สายแขวนสินค้า ตรารอแยล-ดี,ชิ้น
7091,ถุงผ้า รอแยล-ดี,ใบ
7092,แก้วเซรามิก Royal Coffiee (สีขาว),ใบ
7093,แก้วเซรามิก Royal Coffiee (สีน้ำตาล),ใบ
7094,แก้วใส พิมพ์ลาย Royal Coffiee,ใบ
7095,เสื้อกันฝน สีขาวผ่าหน้าXLแขนจั้ม พิมพ์โลโก้ Calci-D,ตัว
7096,เสื้อยึด Royal - D Energy Gel,ตัว
7097,แก้วใส พิมพ์ลาย แคลร์ส คอฟฟี่,ใบ
7098,กระเป๋า PVC ใส ตรา Royal - D,ใบ
7099,แก้วเก็บความเย็น Royal - D (สีดำ),ใบ
7099-1,แก้วเก็บความเย็น Royal - D (สีขาวชมพู),ใบ
7099-2,แก้วเก็บความเย็น Royal - D (สีขาว),ใบ
7099-3,แก้วเก็บความเย็น Royal - D หูหิ้ว (สีขาว),ใบ
7099-4,แก้วเก็บความเย็น Royal - D หูหิ้ว (สีดำ),ใบ
7099-5,แก้วเก็บความเย็น Royal - D หูหิ้ว (สีเขียว),ใบ
7100,หม้อชาบู Newwave/ หม้อหุงข้าว,ใบ
7101,เสื้ออาราบิก้า สีน้ำตาล,ตัว
7102,ป้ายผ้าใบเครื่องดื่มแร่ธาตุ,ผืน
7103,แก้วใส พิมพ์ลาย KSD,ใบ
7104,บูทชงชิม,ชุด
7105,เสื้อยืดคอปก Royal-D,ตัว
7106,ตู้แช่เย็น กระจก 1ประตู รุ่นSPB-0300,ตู้
7107,รายได้จากการขาย - เศษวัสดุก่อสร้าง,กก.
7108,กระติกน้ำเหลี่ยม คละสี,ใบ
7109,เต๊นท์,ชุด
7110,กระเป๋าผ้าแคนวาส Royal - D,ใบ
800,สวัสดิการพนักงาน,ชุด
801,เสื้อฟอร์มพนักงาน,ตัว
802,เสื้อโปโลสีดำ ผ้า Cotton,ตัว
900,ลังรอแยล-ดี(RDTC50),ใบ
M0002-1,คูลลิ่งทาวเวอร์แบบทรงกลมรุ่น BCT-30RT,ชุด
M0002-10,ตู้อบลมร้อน (Oven) ขนาด 53 L. รุ่น UF55 (มีพัดลม),เครื่อง
M0002-11,Autoclave รุ่น GI54TW-Zealway,เครื่อง
M0002-12,หัวอัดจารบี,ตัว
M0002-13,ปลั๊กแบตเตอรี่พร้อมสาย 3 Phase,ชุด
M0002-14,Powder Reagents For 25 tests,กล่อง
M0002-15,Eurocert Ponceau 4R,kg.
M0002-16,Chlorine test kit range 0-2.0 mg/l V unique,ชุด
M0002-17,Injection Value อะไหล่ปั๊ม LMI รุ่น P+153,ชุด
M0002-18,Injection Value สำหรับปั๊ม P+,ชิ้น
M0002-19,ชุดข้อต่อท่อสำหรับ P+X2XXI X3XXI,ชุด
M0002-2,คูลลิ่งทาวเวอร์แบบทรงกลมรุ่น BCT-100RT,ชุด
M0002-3,คูลลิ่งทาวเวอร์แบบทรงกลมรุ่น BCT-125RT,ชุด
M0002-4,ปั๊มน้ำ,ตัว
M0002-5,ชุด Control ระดับน้ำ Boiler 61 FG,ชุด
M0002-6,Solenoid Value N/C 220VAC 2 ทองเหลือง,ตัว
M0002-7,เครื่องวัดค่าคลอรีน Hanna รุ่น HI-701,เครื่อง
M0002-8,PH100 Exstick pH Meter Brand : EXTECH,เครื่อง
M0002-9,Incubator ตู้บ่มเพาะเชื้อ IN55 (53 L.) Memmert Germany,เครื่อง
M0004,เครื่องวัดความขุ่น (Milwaukee Turbidity Meter) Model : Mi415,เครื่อง
M0006,ชุดทดสอบความสะอาดของภาชนะสัมผัสอาหารและมือ,ชุด
M0007,ชุดทดสอบโคลิฟอร์มในน้ำและน้ำแข็ง,กล่อง
P-0000,ค่าโฆษณา,ครั้ง
P-0001,โฆษณารับสมัครงาน,ครั้ง
P-0002,Sticker PP In Door (PP Board 5 mm),ชิ้น
P-0003,Sticker PVC In door (PP Board 3 mm.),ตร.ม
P-0005,พัดลมตั้งพื้น 16 นิ้ว,ตัว
P-0006,Sticker PVC Outdoor,แผ่น
P-0007,ค่าส่งเสริมการขาย,ครั้ง
P-0008,ตู้แซ่น้ำ (FW ยืม),ตู้
P-0009,แก้วชงชิม 1 ออน์,ใบ
P-0010,แก้วชงชิม 1.4 ออน์,ใบ
SN-001,ลิ้นแฟ้มแบบเหล็ก สีเงิน,กล่อง
SN-002,มือจับหอยโข่ง (แท่นตัดเทปโอพีพี),อัน
SN-003,ปากกาไวท์บอร์ด,ด้าม
SN-004,เครื่องเย็บกระดาษ NO.10,อัน
SN-005,ซองจดหมายขาว เบอร์ 7/125,ฉบับ
SN-006,ซองจดหมายขาว เบอร์ 9/125,อัน
SN-007,หมึกเติมแท่นประทับ สีน้ำเงิน,อัน
SN-008,หมึกเติมแท่นประทับ สีแดง,อัน
SN-009,ปากกาน้ำเงินควอนตั้ม เจลโล่บอล,ด้าม
SN-010,ปากกาแดงควอนตั้ม เจลโล่บอล,ด้าม
SN-011,ปากกาเน้นข้อความ สีส้ม,ด้าม
SN-012,ปากกาเน้นข้อความ สีเหลือง,ด้าม
SN-013,ปากกาเน้นข้อความ สีชมพู,ด้าม
SN-014,ปากกาเน้นข้อความ สีเขียว,ด้าม
SN-015,เครื่องเย็บกระดาษ NO.35,อัน
SN-016,กระดาษการ์ดแข็ง A4 สีน้ำเงิน,แผ่น
SN-017,กระดาษการ์ดแข็ง A4 สีม่วง,แผ่น
SN-018,กระดาษการ์ดแข็ง A4 สีชมพู,แผ่น
SN-019,เครื่องเจาะกระดาษขนาดกลาง,เครื่อง
SN-020,คลิปดำเล็ก No.112,กล่อง
SN-021,คลิปดำกลาง No.110,กล่อง
SN-022,คลิปดำใหญ่ No.108,กล่อง
SN-023,กระดาษ Post it 3 x 2,แพ็ค
SN-024,ลวดเสียบกระดาษ,กล่อง
SN-025,เทปใส 3/4 นิ้ว แกน 1 x 36 หลา,แพ็ค
SN-026,กระดาษต่อเนื่อง 9 x 11 ไม่มีเส้น 2 ชั้น,กล่อง
SN-027,แฟ้มสันกว้าง 3 120F สีดำ (6 เล่ม/แพ็ค),แพ็ค
SN-028,แท่นตัดเทป,อัน
SN-029,กระดาษการ์ดแข็ง A4 สีส้ม,แพ็ค
SN-030,ผ้าหมึกเครื่องพิมพ์ Epson รุ่น LQ570/300+,กล่อง
SN-031,หมึกพิมพ์เลเซอร์ Fuji Xerox P3124 (แท้),กล่อง
SN-032,ใบรายงานสินค้าออก A4/เคมี 2 copy,เล่ม
SN-033,การ์ดเหลือง 240 แกรม,ใบ
SN-034,กระดาษถ่ายเอกสาร A4/70 แกรม,รีม
SN-035,กระดาษถ่ายเอกสาร A4/80 แกรม,รีม
SN-036,กระดาษชำระม้วนใหญ่,ลัง
SN-037,ผงหมึก KYOCERA  รุ่น TASKalfa-180,กล่อง
SN-038,นามบัตร พิมพ์ 2/4 สี ปั้มเคทอง (ซิลส์สกรีน),ใบ
SN-039,ชุดความร้อน KYOCERA รุ่น KM-1620,ชุด
SN-040,ใบสั่งซื้อสินค้า 2 Copy ขนาด 15 x 18 cm.,เล่ม
SN-041,ใบสำคัญจ่ายสีชมพู  ขนาด 21 x 17 ซม.,เล่ม
SN-042,ใบลดหนี้ 4 Copy รันเล่มที่/เลขที่,เล่ม
SN-044,Sticker R.S. ขาวขุ่น ขนาด A5 พิมพ์ 1 สี (เขียว),แผ่น
SN-045,ใบส่งของชั่วคราว ขนาด 18 x 27 ซม. 5 ชั้น,เล่ม
SN-046,ใบวางบิล ขนาด 20.5 x 14.5 ซม. 2 ชั้น,เล่ม
SN-047,ปฎิทินแขวน พิมพ์ 4 สี,ชุด
SN-048,ซองจดหมายเบอร์ 9  พิมพ์ที่อยู่รอแยล-ดี (ผู้ส่ง),ใบ
SN-049,เข็มขัดพยุงหลัง,ตัว
SN-050,หัวจดหมาย ขนาด A4 พิมพ์ 1 สี (สีเขียว),เล่ม
SN-051,กระดาษชำระม้วนเล็ก (144 ม้วน/ลัง),ลัง
SN-052,ใบนำส่ง ขนาด F14 มี 3 copy แบบ R,เล่ม
SN-053,ค่าเพลท (ใบนำส่ง),ชุด
SN-054,ใบเบิกค่าใช้จ่าย กระดาษปอนด์ 60 แกรม,เล่ม
SN-055,บันทึกประจำวันพนักงานจัดส่ง (A4/นับ 100 กาวหัว),เล่ม
SN-056,ใบเบิกสินค้าและผลิตภัณฑ์ ขนาด 8.5 x 7,เล่ม
SN-057,ใบยืมสินค้าและผลิตภัณฑ์ ขนาด A5 5 Copy,เล่ม
SN-058,ค่าเพลท (ใบเบิกและใบยืมสินค้า),ชุด
SN-059,ชุดสร้างภาพ KYOCERA รุ่น KM-1620,ชุด
SN-060,ใบสำคัญจ่ายสีเหลือง ขนาด 21 x 17 ซม.,เล่ม
SN-061,ใบสรุปรายการขายรายวัน (F14  2 Copy),เล่ม
SN-062,น้ำยาล้างมือ ขนาด 3.8 ลิตร,แกลลอน
SN-063,กล่องไปรษณีย์ ( ใหญ่ ),ใบ
SN-065,ถุงมือแพทย์ เบอร์ M,กล่อง
SN-066,ผ้าปิดปาก (แบบกระดาษ),กล่อง
SN-067,Digital Printing : Royal-D Electrolyte Beverage 400 ml.,ชิ้น
SN-068,PVC Blow : Royal D Electrolyte Berverage (Original) 40 mic.,ชิ้น
SN-069,PVC Blow : Royal D Electrolyte Berverage (Strawberry) 40 mic.,ชิ้น
SN-070,PVC Blow : Royal D Electrolyte Beverage (Grape) 40 mic.,ชิ้น
SN-071,ค่าแม่พิมพ์ฉลาก,สี
SN-072,เติมเคมีถังดับเพลิง 15 ปอนด์,ถัง
SR-001,ใบแทรก Bella ครีม,ใบ
SV-0001,เพิ่มอุปกรณ์สำนักงาน,ครั้ง
SV-0002,เพิ่มอุปกรณ์คอมพิวเตอร์,ครั้ง
SV-00020,โต๊ะโล่งขนาด 50/120/75 ซม.,ตัว
SV-00022,ตู้เอกสารวางแฟ้ม 2 ชั้น 2 บานเปิด (สีเชอรี่/ดำ),ใบ
SV-00023,โต๊ะทำงาน ลิ้นชักฝั่งขวา 2 ชั้น (60/120/75 cm.),ตัว
SV-00024,โต๊ะคอมฯ ขนาด 60/60/75 cm.,ตัว
SV-00025,โต๊ะคอมฯ ขนาด 60/75/75 cm.,ตัว
SV-00026,โต๊ะคอมฯ ลิ้นชักซ้าย 60/120/75 ซม.,ตัว
SV-00027,ตู้แบบพิเศษ 40/90/190 ซม. สีเชอรี่/ดำ,ใบ
SV-00028,ถาดคีย์บอร์ดพร้อมติดตั้งโต๊ะ สีเชอรี่,ชุด
SV-00029,ตู้เอกสาร 40 x 90 x 190 ซม.,ตัว
SV-0003,เพิ่มเครื่องมือเครื่องใช้,ครั้ง
SV-00030,ตู้บานเปิด กระจก+ไม้ สีเชอรี่/ดำ ขนาด 30/60/190 ซม.,ใบ
SV-00031,ตู้สูงบนบานเปิดกระจก-ล่างบานเปิดไม้(40/90/202 ซม.),ใบ
SV-00032,ตู้โล่งวางแฟ้ม 2 ชั้น ขนาด 40 x 90 x 88 ซม.,ใบ
SV-00033,โต๊ะทำงานลิ้นชักซ้ายขนาด 60 x 120 x 75 ซม.,ตัว
SV-00034,โต๊ะทำงานลิ้นชักขวา (60 x 150 x 75 ซม.) สีเชอรี่/ดำ,ตัว
SV-00035,โต๊ะคอมฯ ลิ้นชักขวา ขนาด 60 x 120 x 75,ตัว
SV-00036,โต๊ะทำงาน2ลิ้นชัก ( 60x150x75 cm. ),ตัว
SV-00037,ไม้กั้นหน้าโต๊ะสูง45ซม.(240/240),ตัว
SV-00039,เก้าอี้สำนักงาน,ตัว
SV-0004,เพิ่มเครื่องตกแต่งและติดตั้ง,ครั้ง
SV-00042,SW-R Tracking System (GPRS),ชุด
SV-00043,ตู้บานเลื่อนกระจก สูง91*45*183 ซม. 4ชั้น,ตู้
SV-00044,เก้าอี้สแตนเลส  size 40x 49 CM.,ตัว
SV-00045,แผ่นชั้นตู้ SG-18 พร้อมขอรับชั้น,แผ่น
SV-0005,เพิ่มรถยนต์,ครั้ง
T0001,ค่าซ่อมแซมและบำรุงรักษา-อุปกรณ์สำนักงาน,ครั้ง
T0001-6,งานก่อสร้างหลังคาห้องเก็บของ,งาน
T0007,งานถมดินพร้อมปรับเกลี่ยและเคลียริ่งดูดน้ำ/นำวัชพืชไปทิ้ง,พ่วง
W003,ค่าแรง,งาน
ZN-041,ผงหมึก KYOCERA รุ่น KM-1620,ตลับ
ZN-044,ผลิตภัณฑ์เจลไล่นก (5 ลิตร),แกลลอน
ZN-046,พาเลทไม้ 110 x 120 ซม.,อัน
ZN-048,ค่าบริการเดินสายโทรศัพท์ภายในอาคาร+อุปกรณ์,งาน
ad-1701-1,ระบบไฟฟ้าอาคารพักอาศัย 3 หลัง,งาน
ad-1702-1,ลิฟท์จอดรถยนต์ 2 เสา รุ่น ST-SZ30,ตัว
ad-1707,เครื่องใช้สำนักงาน,ชุด
